CREATE TABLE CUSTOMER (
    CUSTOMER_ID NUMBER PRIMARY KEY,
    FIRST_NAME VARCHAR2(50),
    LAST_NAME VARCHAR2(50),
    PHONE_NUM VARCHAR2(20),
    EMAIL VARCHAR2(100)

);

INSERT INTO CUSTOMER (CUSTOMER_ID, FIRST_NAME, LAST_NAME, PHONE_NUM, EMAIL) VALUES (1, 'John', 'Doe', '1234567890', 'john.doe@email.com');
INSERT INTO CUSTOMER (CUSTOMER_ID, FIRST_NAME, LAST_NAME, PHONE_NUM, EMAIL) VALUES (2, 'Jane', 'Smith', '0987654321', 'jane.smith@email.com');
INSERT INTO CUSTOMER (CUSTOMER_ID, FIRST_NAME, LAST_NAME, PHONE_NUM, EMAIL) VALUES (3, 'Robert', 'Brown', '1122334455', 'robert.brown@email.com');
INSERT INTO CUSTOMER (CUSTOMER_ID, FIRST_NAME, LAST_NAME, PHONE_NUM, EMAIL) VALUES (4, 'Alice', 'Johnson', '2233445566', 'alice.johnson@email.com');

ALTER TABLE CUSTOMER MODIFY (FIRST_NAME NOT NULL, LAST_NAME NOT NULL, EMAIL NOT NULL);

CREATE TABLE RENTALS(
    RENTAL_ID NUMBER PRIMARY KEY,
    CUSTOMER_ID NUMBER REFERENCES CUSTOMER(CUSTOMER_ID),
    RENTAL_DATE DATE,
    DUE_DATE DATE,
    RETURN_DATE DATE
);

INSERT INTO RENTALS (RENTAL_ID, CUSTOMER_ID, RENTAL_DATE, DUE_DATE, RETURN_DATE) 
VALUES (1, 1, TO_DATE('2025-04-01', 'YYYY-MM-DD'), TO_DATE('2025-04-08', 'YYYY-MM-DD'), TO_DATE('2025-04-07', 'YYYY-MM-DD'));

INSERT INTO RENTALS (RENTAL_ID, CUSTOMER_ID, RENTAL_DATE, DUE_DATE, RETURN_DATE) 
VALUES (2, 2, TO_DATE('2025-04-10', 'YYYY-MM-DD'), TO_DATE('2025-04-17', 'YYYY-MM-DD'), NULL);

INSERT INTO RENTALS (RENTAL_ID, CUSTOMER_ID, RENTAL_DATE, DUE_DATE, RETURN_DATE) 
VALUES (3, 3, TO_DATE('2025-04-15', 'YYYY-MM-DD'), TO_DATE('2025-04-22', 'YYYY-MM-DD'), NULL);

INSERT INTO RENTALS (RENTAL_ID, CUSTOMER_ID, RENTAL_DATE, DUE_DATE, RETURN_DATE) 
VALUES (4, 4, TO_DATE('2025-04-20', 'YYYY-MM-DD'), TO_DATE('2025-04-27', 'YYYY-MM-DD'), TO_DATE('2025-04-25', 'YYYY-MM-DD'));


CREATE TABLE FURNITURE(
    FURNITURE_ID NUMBER PRIMARY KEY,
    ITEM_NAME VARCHAR2(50),
    CATEGORY VARCHAR2(50),
    CATALOGUE_NUM NUMBER

);

INSERT INTO FURNITURE (FURNITURE_ID, ITEM_NAME, CATEGORY, CATALOGUE_NUM) VALUES (1, 'Office Chair', 'Seating', 1001);
INSERT INTO FURNITURE (FURNITURE_ID, ITEM_NAME, CATEGORY, CATALOGUE_NUM) VALUES (2, 'Dining Table', 'Table', 1002);
INSERT INTO FURNITURE (FURNITURE_ID, ITEM_NAME, CATEGORY, CATALOGUE_NUM) VALUES (3, 'Bookshelf', 'Storage', 1003);
INSERT INTO FURNITURE (FURNITURE_ID, ITEM_NAME, CATEGORY, CATALOGUE_NUM) VALUES (4, 'Sofa', 'Seating', 1004);


CREATE TABLE FURNITURE_ITEM(
    FURNITURE_ITEM_ID NUMBER PRIMARY KEY,
    FURNITURE_ID NUMBER REFERENCES FURNITURE(FURNITURE_ID),
    AVAILABILITY VARCHAR2(20),
    COLOUR VARCHAR2(20),
    ITEM_SIZE VARCHAR2(10)
    
);

INSERT INTO FURNITURE_ITEM (FURNITURE_ITEM_ID, FURNITURE_ID, AVAILABILITY, COLOUR,ITEM_SIZE) VALUES (1, 1, 'AVAILABLE', 'red','20M');
INSERT INTO FURNITURE_ITEM (FURNITURE_ITEM_ID, FURNITURE_ID, AVAILABILITY, COLOUR,ITEM_SIZE) VALUES (5, 1, 'AVAILABLE', 'red','20M');
INSERT INTO FURNITURE_ITEM (FURNITURE_ITEM_ID, FURNITURE_ID, AVAILABILITY, COLOUR,ITEM_SIZE) VALUES (6, 1, 'AVAILABLE', 'red','20M');
INSERT INTO FURNITURE_ITEM (FURNITURE_ITEM_ID, FURNITURE_ID, AVAILABILITY, COLOUR,ITEM_SIZE) VALUES (7, 1, 'AVAILABLE', 'red','20M');
INSERT INTO FURNITURE_ITEM (FURNITURE_ITEM_ID, FURNITURE_ID, AVAILABILITY, COLOUR,ITEM_SIZE) VALUES (2, 1, 'UNAVAILABLE', 'blue','50M');
INSERT INTO FURNITURE_ITEM (FURNITURE_ITEM_ID, FURNITURE_ID, AVAILABILITY, COLOUR,ITEM_SIZE) VALUES (3, 2, 'AVAILABLE', 'black','10M');
INSERT INTO FURNITURE_ITEM (FURNITURE_ITEM_ID, FURNITURE_ID, AVAILABILITY, COLOUR,ITEM_SIZE) VALUES (4, 2, 'AVAILABLE', 'brown','100M');

ALTER TABLE FURNITURE_ITEM MODIFY (AVAILABILITY NOT NULL, COLOUR NOT NULL, ITEM_SIZE NOT NULL);
CREATE TABLE SUPPLIER (
    SUPPLIER_ID NUMBER PRIMARY KEY,
    NAME VARCHAR2(50),
    PHONE_NUM VARCHAR2(20),
    EMAIL VARCHAR2(100),
    ADDRESS VARCHAR2(100)

);

INSERT INTO SUPPLIER (SUPPLIER_ID, NAME, PHONE_NUM, EMAIL, ADDRESS) VALUES (1, 'Furniture Co.', '2223334444', 'contact@furnico.com', '789 Industrial Way');
INSERT INTO SUPPLIER (SUPPLIER_ID, NAME, PHONE_NUM, EMAIL, ADDRESS) VALUES (2, 'Chair World', '5556667777', 'info@chairworld.com', '456 Commerce Ave');
INSERT INTO SUPPLIER (SUPPLIER_ID, NAME, PHONE_NUM, EMAIL, ADDRESS) VALUES (3, 'TableMasters', '8889990000', 'sales@tablemasters.com', '123 Furniture Rd');
INSERT INTO SUPPLIER (SUPPLIER_ID, NAME, PHONE_NUM, EMAIL, ADDRESS) VALUES (4, 'Cushion House', '7778889999', 'support@cushionhouse.com', '456 Cozy St');


CREATE TABLE BRANCHES(
    BRANCH_ID NUMBER PRIMARY KEY,
    ADDRESS VARCHAR2(100),
    PHONE_NUM VARCHAR2(20),
    EMAIL VARCHAR2(100)

);

INSERT INTO BRANCHES (BRANCH_ID, ADDRESS, PHONE_NUM, EMAIL) VALUES (1, '123 High St', '1112223333', 'branch1@email.com');
INSERT INTO BRANCHES (BRANCH_ID, ADDRESS, PHONE_NUM, EMAIL) VALUES (2, '456 Low St', '4445556666', 'branch2@email.com');
INSERT INTO BRANCHES (BRANCH_ID, ADDRESS, PHONE_NUM, EMAIL) VALUES (3, '789 Park Ave', '5556667777', 'branch3@email.com');
INSERT INTO BRANCHES (BRANCH_ID, ADDRESS, PHONE_NUM, EMAIL) VALUES (4, '101 Pine Rd', '6667778888', 'branch4@email.com');

ALTER TABLE BRANCHES MODIFY (ADDRESS NOT NULL, PHONE_NUM NOT NULL, EMAIL NOT NULL);

CREATE TABLE MEMBERSHIP(
    MEMBERSHIP_ID NUMBER PRIMARY KEY,
    CUSTOMER_ID NUMBER REFERENCES CUSTOMER(CUSTOMER_ID),
    BRANCH_ID NUMBER REFERENCES BRANCHES(BRANCH_ID),
    JOIN_DATE DATE

);

INSERT INTO MEMBERSHIP (MEMBERSHIP_ID, CUSTOMER_ID, BRANCH_ID, JOIN_DATE) VALUES (1, 1, 1, TO_DATE('2023-01-01', 'YYYY-MM-DD'));
INSERT INTO MEMBERSHIP (MEMBERSHIP_ID, CUSTOMER_ID, BRANCH_ID, JOIN_DATE) VALUES (2, 2, 2, TO_DATE('2023-02-15', 'YYYY-MM-DD'));
INSERT INTO MEMBERSHIP (MEMBERSHIP_ID, CUSTOMER_ID, BRANCH_ID, JOIN_DATE) VALUES (3, 3, 3, TO_DATE('2023-03-10', 'YYYY-MM-DD'));
INSERT INTO MEMBERSHIP (MEMBERSHIP_ID, CUSTOMER_ID, BRANCH_ID, JOIN_DATE) VALUES (4, 4, 4, TO_DATE('2023-04-05', 'YYYY-MM-DD'));

ALTER TABLE MEMBERSHIP MODIFY(JOIN_DATE NOT NULL);

CREATE TABLE STAFF(
    STAFF_ID NUMBER PRIMARY KEY,
    FIRST_NAME VARCHAR2(50),
    LAST_NAME VARCHAR2(50),
    ROLE VARCHAR2(20),
    BRANCH_ID NUMBER REFERENCES BRANCHES(BRANCH_ID),
    LINE_MANAGER VARCHAR2 (50)
    
);
INSERT INTO STAFF (STAFF_ID, FIRST_NAME, LAST_NAME, ROLE, BRANCH_ID,LINE_MANAGER) VALUES (1, 'Alice', 'Johnson', 'Branch Manager', 1,'Bryan');
INSERT INTO STAFF (STAFF_ID, FIRST_NAME, LAST_NAME, ROLE, BRANCH_ID,LINE_MANAGER) VALUES (2, 'Bob', 'Williams', 'Assistant', 2,'Mia');
INSERT INTO STAFF (STAFF_ID, FIRST_NAME, LAST_NAME, ROLE, BRANCH_ID,LINE_MANAGER) VALUES (3, 'Charlie', 'Davis', 'Managing Director', 3,'Jack');
INSERT INTO STAFF (STAFF_ID, FIRST_NAME, LAST_NAME, ROLE, BRANCH_ID,LINE_MANAGER) VALUES (4, 'Diana', 'Miller', 'Admin', 4,'Vanessa');

ALTER TABLE STAFF MODIFY (FIRST_NAME NOT NULL);
ALTER TABLE STAFF MODIFY (LAST_NAME NOT NULL);
ALTER TABLE STAFF MODIFY (ROLE NOT NULL);

CREATE TABLE INVENTORY(
    INVENTORY_ID NUMBER PRIMARY KEY,
    FURNITURE_ID NUMBER REFERENCES FURNITURE(FURNITURE_ID),
    BRANCH_ID NUMBER REFERENCES BRANCHES(BRANCH_ID),
    QUANTITY NUMBER,
    LAST_RESTOCKED_DATE DATE

);
INSERT INTO INVENTORY (INVENTORY_ID, FURNITURE_ID, BRANCH_ID, QUANTITY, LAST_RESTOCKED_DATE) 
VALUES (1, 1, 1, 10, TO_DATE('2024-12-01', 'YYYY-MM-DD'));

INSERT INTO INVENTORY (INVENTORY_ID, FURNITURE_ID, BRANCH_ID, QUANTITY, LAST_RESTOCKED_DATE) 
VALUES (2, 2, 2, 5, TO_DATE('2025-01-15', 'YYYY-MM-DD'));

INSERT INTO INVENTORY (INVENTORY_ID, FURNITURE_ID, BRANCH_ID, QUANTITY, LAST_RESTOCKED_DATE) 
VALUES (3, 3, 3, 8, TO_DATE('2025-02-10', 'YYYY-MM-DD'));

INSERT INTO INVENTORY (INVENTORY_ID, FURNITURE_ID, BRANCH_ID, QUANTITY, LAST_RESTOCKED_DATE) 
VALUES (4, 4, 4, 12, TO_DATE('2025-03-05', 'YYYY-MM-DD'));

ALTER TABLE INVENTORY MODIFY (QUANTITY NOT NULL, LAST_RESTOCKED_DATE NOT NULL);

CREATE OR REPLACE VIEW FURNITURE_STOCK_VIEW AS
SELECT
    INVENTORY.FURNITURE_ID,
    BRANCH_ID,
    QUANTITY,
    LAST_RESTOCKED_DATE
FROM INVENTORY;

CREATE OR REPLACE VIEW FURNITURE_FEATURES_VIEW AS
SELECT
    FURNITURE_ID,
    COLOUR,
    ITEM_SIZE,
    AVAILABILITY
FROM FURNITURE_ITEM;

CREATE OR REPLACE VIEW RENTAL_HISTORY_VIEW AS
SELECT
    CUSTOMER_ID,
    RENTAL_ID,
    RENTAL_DATE,
    DUE_DATE,
    RETURN_DATE
FROM RENTALS;


COMMIT;
